run-260820-0807-wupg	⌁[·]: ⚒2
run-260820-1754-cfb7	⌁[b-_-d]:
run-260820-1754-cfb7	⌁[✗]: ⏱ 14m
run-260820-1926-7ar9	⌁[·]: ⏱ 0m │ orient 0/3 │ wake 221.9 KB · top pitfalls 53.5 KB · oldest 2026-08-09 │ course 0/3 │ mood? │ topic? │ card blank
run-260821-1425-an3p	⌁[✗]:
run-260821-1425-an3p	⌁[✗]: ⏱ 2m │ ⇡0+2 │ course 2/6
run-260821-2102-4vo2	⌁[·]: ⏱ 0m │ q D27 │ orient 0/2 │ wake 199.4 KB · top work-surface 48.8 KB · oldest 2026-08-09 │ ▷1 │ mood? │ topic? │ card blank
run-260822-2032-qumq	⌁[b·_·d]: ⏱ 72m │ ⇡5+11 │ mood b·_·d fo.cus — still?
run-260822-2229-qwy8	⌁[b·_·d]: ⏱ 22m │ course 7/10
run-260823-1520-20qo	⌁[·]: ⏱ 23m
run-260823-1520-rmry	⌁[·]: ⏱ 49m │ !1
run-260823-1542-o84h	⌁[·]: ⏱ 74m
run-260823-2100-2mr6	⌁[·]: ⏱ 110m │ ▷3
run-260823-2233-ay2s	⌁[b-_-d]:
run-260824-0503-guki	⌁[b-_-d]: q S92·W86 │ !2
run-260824-1133-d1dp	⌁[·]: q S99·W84·F91
run-260825-1823-sp30	⌁[b·_·d]: ⏱ 70m │ q S5·W76 │ ⇡1+8 │ pending 1
run-260825-2221-si4w	⌁[·]: ⏱ 5m
run-260826-1049-f67f	⌁[b·_·d]: ⏱ 10m │ q S69·W66
run-260827-2115-gy48	⌁[b·_·d]: ⏱ 49m │ pending 4 │ course 10/13
run-260828-1518-mwnd	⌁[b·_·d]: q S72·W33
run-260829-1317-5lw2	⌁[b·_·d]:
run-260829-1317-5lw2	⌁[b·_·d]: q S99·W99·F100
run-260829-1812-mgfs	⌁[·]: ⏱ 14m │ course 2/8
run-260830-1443-bpoc	⌁[b·_·d]:
run-260831-2255-z3wb	⌁[·]: ⏱ 0m │ q S67·W68 │ assign 0/2 │ wake 44.2 KB · top run-context-bundle 11.0 KB │ ▷3 │ card blank
run-260901-1141-ujkp	⌁[·]: ⏱ 21m
run-260901-2128-uu9k	⌁[·]: card stale
run-260903-1533-ufoh	⌁[b·_·d]: ⏱ 1708m │ rb51m │ pending 6 │ course 14/16 │ card behind
run-260903-1533-ufoh	⌁[b·_·d]: ⏱ 391m │ rb5m
run-260904-0927-e9hb	⌁[·]: ⏱ 39m
run-260904-1427-n5us	⌁[·]: ⏱ 8m
run-260905-1757-bjen	⌁[·]: spend 2.9m/15m
run-260905-1757-bjen	⌁[·]: ⏱ 79m │ spend 5.4m/15m │ card behind
run-260905-1847-er7k	⌁[✗]: q H94·D99
run-260905-2024-oe7s	⌁[b·_·d]: ⏱ 11m │ q S35·W94 │ ⇡2+3 │ pending 2 │ course 0/4
run-260906-2157-kzsg	⌁[b·_·d]: ⏱ 34m │ spend 1.4m/20m │ q S39↻4h28m·W68↻5d13h │ ctx 184.4k tok │ me 1.4m · ▷2 3.2m
run-260907-2223-avku	⌁[b·_·d]: spend 5.4m/20m │ q S49↻3h44m·W56↻4d12h │ ctx 298.9k tok │ me 5.4m │ ⚒11 │ mood b·_·d grip_ — still? │ card behind
run-260908-1243-24bt	⌁[b·_·d]: q S65↻2h44m·W53↻3d23h·F42 │ ctx 139.1k tok │ course 2/5
run-260908-2136-30lu	⌁[·]: card stale
run-260908-2352-ufk3	⌁[·]: ⏱ 14m │ ctx 174.8k tok │ Δctx +1.8k │ card stale
run-260909-0142-fa36	⌁[·]: ⏱ 30m │ spend 4.2m/4m │ ctx 214.9k tok │ Δctx +1.2k │ me 4.2m │ ⚒4 │ card stale
run-260909-1032-dw1z	⌁[b·ᴗ·d]: spend 711.3k/20m │ q S96↻4h51m·W36↻2d20h·F12 │ ctx 422.4k tok │ Δctx +900 │ me 711.3k · ▷1
run-260909-1555-nhbc	⌁[·]: ⏱ 22m │ ctx 218.7k tok
run-260909-1555-nhbc	⌁[·]: ⏱ 24m │ ctx 230.9k tok │ Δctx +4.1k
run-260909-2046-3s49	⌁[b·_·d]:
run-260910-0123-fi7s	⌁[b·_·d]: ⏱ 10m │ spend 4.1m/20m │ q S97↻4h46m·W28↻2d10h·F3 │ ctx 682k tok │ Δctx +800 │ me 4.1m │ ⚒2
run-260910-1206-buo7	⌁[b·_·d]: spend 1m/20m │ ctx 427.8k tok │ Δctx +1.4k │ me 1m │ ⚒9 │ mood b·_·d delighted_ — still?
run-260910-1206-buo7	⌁[✗]: spend 496.8k/20m │ q S82↻4h04m·W27↻1d23h │ me 496.8k │ owed 2
run-260910-1206-buo7	⌁[✗]: ⏱ 17m │ q S87↻4h16m·W27↻1d23h │ ctx 169.7k tok │ Δctx +2.4k │ card behind
run-260912-0824-cicv	⌁[b·_·d]: ⏱ 8m │ spend 62.2k · pace 4.9× │ q H88↻13:26Z·D98↻08:26Z │ ctx 44.9% │ Δctx +0.1% │ me 62.2k · ▷1 288.2k │ ▷1
run-260912-0925-yc27	⌁[b·_·d]: ⏱ 137m │ spend 1.6m · pace ? │ q S87↻1h57m·W5↻17m │ ctx 255.9k tok │ Δctx +400 │ me 1.6m │ hold 0.0·boot
run-260912-1513-7hw5	⌁[b·_·d]: ⏱ 1807m │ spend 8m · pace ? │ q S54↻3h38m·W84↻5d14h │ ctx 163k tok │ me 8m↑ │ hold ?·boot│ pending 6 │ course 28/31
run-260914-0109-f9ch	⌁[b·_·d]: ⏱ 16m │ spend 1.9m/10m │ ctx 155.6k tok │ Δctx +6.8k │ me 1.9m↑ │ ▷2
run-260915-1824-yqza	⌁[b·_·d]: ⏱ 127m t3000 │ spend 7.5m/15m │ ctx 342k tok │ Δctx +5.8k │ me 7.5m↑ │ listening │ ▷2 │ pending 2
run-260922-1734-a2r6	⌁[b·_·d]: ⏱ 97m t126612 │ spend 13.7m/20m │ q S100↻18h47m·W69↻3d16h·F60 · codex S0·W11 │ ctx 452.5k tok│ me 13.7m↑ │ awake │ ▷1
run-260922-1734-o753	⌁[b·_·d]: ⏱ 39m t126504 │ spend 6.4m/20m │ q S100↻19h45m·W69↻3d17h·F60 · codex S0·W11 │ ctx 286.4k tok │ Δctx +5.8k │ me 6.4m↑ │ listening │ ▷3
run-260922-1948-dsgu	⌁[b·_·d]: ⏱ 30m t126928 │ spend 5.1m/20m │ q S79↻3h40m·W59↻3d15h·F51 · codex S0·W11 │ ctx 287.6k tok │ me 5.1m │ listening │ ▷4
run-260923-0620-yyuq	⌁[b·o·d]: ⏱ 5m t134010 │ spend 725.1k · pace ? │ q S86↻3h33m·W48↻3d5h · codex S100·W0 │ ctx 122.3k tok │ me 725.1k↑ │ awake
run-260928-2341-davt	⌁[b·_·d]: ⏱ 35m t241059 │ spend 2.1m · pace ? │ q S54↻4h23m·W94↻6d19h · codex S0·W37 │ ctx 288.1k tok│ me 2.1m↑ │ owed 1
